{
  "stratum_label": "0",
  "feature_count": 16,
  "feature_dim": 768,
  "sequence_length": 6,
  "rings_per_sequence": 6,
  "window_points": 48,
  "window_stride": 8,
  "sequence_stride": 1,
  "train_sequences": 11119,
  "val_sequences": 3331,
  "test_sequences": 3311,
  "test_no_risk_rate": 0.9737239504681365,
  "test_low_rate": 0.02476593174267593,
  "test_medium_rate": 0.0015101177891875567,
  "test_high_rate": 0.0,
  "test_medium_high_rate": 0.0015101177891875567,
  "test_high_rate_only": 0.0,
  "threshold_low": 0.6656949950053763,
  "threshold_medium": 0.8917658120393809,
  "threshold_high": 0.9255421516708893
}