{
  "stratum_label": "2",
  "feature_count": 16,
  "feature_dim": 768,
  "sequence_length": 6,
  "rings_per_sequence": 6,
  "window_points": 48,
  "window_stride": 8,
  "sequence_stride": 1,
  "train_sequences": 1190,
  "val_sequences": 389,
  "test_sequences": 435,
  "test_no_risk_rate": 0.9770114942528736,
  "test_low_rate": 0.020689655172413793,
  "test_medium_rate": 0.0022988505747126436,
  "test_high_rate": 0.0,
  "test_medium_high_rate": 0.0022988505747126436,
  "test_high_rate_only": 0.0,
  "threshold_low": 0.7766755039365463,
  "threshold_medium": 0.8633005343291096,
  "threshold_high": 0.9031114076036384
}